screen,state,applicability,condition,visible,allowed_actions,preservation,focus,proof,contract_refs
V01,LOADING,APPLIES,현재 context의 authorized DTO 조회중,현재 선택 범위·법인 식별·조회 시점; hidden 법인 수 없음의 skeleton; 이전 Company 민감값 없음,NONE,현재 허용된 선택/서버 ACK 입력; target binding 불변,상태 heading; background 갱신은 focus 유지,authorized current read/scope projection,UX1.6;UX1.2;GO1
V01,EMPTY,APPLIES,조회 성공 + 해당 collection/context가 authorized empty,선택 가능한 허용 범위 없음; 나의 기록/허용 업무공간,RECOVERY_ROUTE;REFRESH,현재 허용된 선택/서버 ACK 입력; target binding 불변,빈 상태 제목 후 허용 진입 action,authorized current read/scope projection,UX1.6;UX1.2;GO1
V01,DENIED,APPLIES,"Current authentication or whole object/page disclosure denied. Optional-field denial => authorized PARTIAL projection; action-only denial => omit/disable only that action, not whole page.",존재 공개 불가면 uniform unavailable; 민감 HTML/props/cache 제거,RECOVERY_ROUTE,서버 protected draft/history만 보존; revoked local sensitive input 제거,비공개/인증 안내 heading,authorized current read/scope projection,UX1.6;UX1.2;GO1
V01,READY,APPLIES,이 화면의 현재 필수 source/policy/owner 상태 충족,현재 선택 범위·법인 식별·조회 시점; hidden 법인 수 없음,NAV_SCOPE,현재 허용된 선택/서버 ACK 입력; target binding 불변,화면 heading 또는 현재 작업 input; 자동focus이동 없음,authorized current read/scope projection,UX1.6;UX1.2;GO1
V01,INCOMPLETE,APPLIES,authorized context이나 이 action 필수 입력/증거 미충족,허용 범위/기간 미선택; 선택부터 완료,RECOVERY_ROUTE;REFRESH,현재 허용된 선택/서버 ACK 입력; target binding 불변,첫 허용 blocking input/task; error summary 연결,authorized current read/scope projection,UX1.6;UX1.2;GO1
V01,PARTIAL,APPLIES,서로 독립된 허용 subset 또는 알려진 dependency 일부 실패; each offered action must satisfy command-map.when_offered on exact visible/independent unit; no incomplete whole-scope effect,알 수 있는 법인 조회 실패만 표시; 범위 합계 없음,NAV_SCOPE;REFRESH,현재 허용된 선택/서버 ACK 입력; target binding 불변,허용 부분 범위 heading; 필요 row action,authorized current read/scope projection,UX1.6;UX1.2;GO1
V01,STALE,APPLIES,저장 preview/선택/입력/actorcontext의 의존 version 바뀜,권한/멤버십 변경; 선택 다시 검증; old draft 불변,REFRESH;RECOVERY_ROUTE,현재 허용된 선택/서버 ACK 입력; target binding 불변,허용 change summary; 이후 첫 영향 input,authorized current read/scope projection,UX1.6;UX1.2;GO1
V01,FAILED,APPLIES,서버 read 실패 또는 owner가 확정한 no-effect failure; 둘을 구분,범위·기간 선택의 허용 실패 이유·last acknowledged state; 실패는 성공/empty 아님,REFRESH;RECOVERY_ROUTE,현재 허용된 선택/서버 ACK 입력; target binding 불변,persistent error summary; 허용 repair,authorized current read/scope projection,UX1.6;UX1.2;GO1
V01,UNKNOWN,NOT_APPLICABLE,조회/탐색 전용 surface는 business mutation receipt를 갖지 않음,이 화면의 조회 불확실성은 LOADING/FAILED/PARTIAL; linked action의 UNKNOWN은 해당 owner surface에서,REFRESH,허용 filter/navigation만,조회 상태 heading,authorized current read/scope projection,UX1.6;UX1.2;GO1
V01,SUCCESS,APPLIES,Successful authorized read/navigation resolves to usable READY content; preserve currently authorized read-context actions,허용 범위 적용; V02 이동; next navigation uses screen-map.success destination and currently authorized object link; 본인 정정요청 등 현재 허용 진입은 refresh 없이 유지,NAV_SCOPE;REFRESH,현재 허용된 선택/서버 ACK 입력; target binding 불변,receipt/result heading 또는 명시 next surface,authorized current read/scope projection,UX1.6;UX1.2;GO1
V02,LOADING,APPLIES,현재 context의 authorized DTO 조회중,각 허용 run 준비/결과·시간·정확 다음 업무; 집계는 별도권한의 skeleton; 이전 Company 민감값 없음,NONE,현재 허용된 선택/서버 ACK 입력; target binding 불변,상태 heading; background 갱신은 focus 유지,Group launch command/operation receipt,UX1.6;UX1.7;GO1
V02,EMPTY,APPLIES,조회 성공 + 해당 collection/context가 authorized empty,허용 범위에 작업 없음; 권한 있으면 V03 생성,RECOVERY_ROUTE;REFRESH,현재 허용된 선택/서버 ACK 입력; target binding 불변,빈 상태 제목 후 허용 진입 action,Group launch command/operation receipt,UX1.6;UX1.7;GO1
V02,DENIED,APPLIES,"Current authentication or whole object/page disclosure denied. Optional-field denial => authorized PARTIAL projection; action-only denial => omit/disable only that action, not whole page.",존재 공개 불가면 uniform unavailable; 민감 HTML/props/cache 제거,RECOVERY_ROUTE,서버 protected draft/history만 보존; revoked local sensitive input 제거,비공개/인증 안내 heading,Group launch command/operation receipt,UX1.6;UX1.7;GO1
V02,READY,APPLIES,이 화면의 현재 필수 source/policy/owner 상태 충족,각 허용 run 준비/결과·시간·정확 다음 업무; 집계는 별도권한,NAV_INPUTS;LAUNCH_GROUP_CALC,현재 허용된 선택/서버 ACK 입력; target binding 불변,화면 heading 또는 현재 작업 input; 자동focus이동 없음,Group launch command/operation receipt,UX1.6;UX1.7;GO1
V02,INCOMPLETE,APPLIES,authorized context이나 이 action 필수 입력/증거 미충족,계산 준비 안 된 선택; V04 보완 또는 명시 subset,RECOVERY_ROUTE;REFRESH,현재 허용된 선택/서버 ACK 입력; target binding 불변,첫 허용 blocking input/task; error summary 연결,Group launch command/operation receipt,UX1.6;UX1.7;GO1
V02,PARTIAL,APPLIES,서로 독립된 허용 subset 또는 알려진 dependency 일부 실패; each offered action must satisfy command-map.when_offered on exact visible/independent unit; no incomplete whole-scope effect,허용/조회성공 범위만 표시; 전체 완료/금액 추정 금지,NAV_INPUTS;REFRESH;RECOVERY_ROUTE,현재 허용된 선택/서버 ACK 입력; target binding 불변,허용 부분 범위 heading; 필요 row action,Group launch command/operation receipt,UX1.6;UX1.7;GO1
V02,STALE,APPLIES,저장 preview/선택/입력/actorcontext의 의존 version 바뀜,관찰 갱신 필요; immutable action manifest 별도,REFRESH;RECOVERY_ROUTE,현재 허용된 선택/서버 ACK 입력; target binding 불변,허용 change summary; 이후 첫 영향 input,Group launch command/operation receipt,UX1.6;UX1.7;GO1
V02,FAILED,APPLIES,서버 read 실패 또는 owner가 확정한 no-effect failure; 둘을 구분,전사·법인 급여 진행의 허용 실패 이유·last acknowledged state; 실패는 성공/empty 아님,REFRESH;RECOVERY_ROUTE,현재 허용된 선택/서버 ACK 입력; target binding 불변,persistent error summary; 허용 repair,Group launch command/operation receipt,UX1.6;UX1.7;GO1
V02,UNKNOWN,APPLIES,해당 mutation이 실행됐을 수 있으나 commit/receipt 응답 미확정,처리 결과 확인중; Group launch command/operation receipt,RESULT_RECONCILE;RECOVERY_ROUTE,현재 허용된 선택/서버 ACK 입력; target binding 불변,persistent aria-live status; 새명령실행 없음,Group launch command/operation receipt,UX1.6;UX1.7;GO1
V02,SUCCESS,APPLIES,"Mutation receipt confirmed, then server loads CURRENT owner state and recomputes each next action under command-map.when_offered; this candidate set is not blanket post-success execution authority",선택 계산 접수 시 V09; 개별 결과는 owner receipt; next navigation uses screen-map.success destination and currently authorized object link; 실행한 이전 command 반복 버튼 아님; 현재 새 상태의 다음 행동만,REFRESH;NAV_INPUTS;LAUNCH_GROUP_CALC,현재 허용된 선택/서버 ACK 입력; target binding 불변,receipt/result heading 또는 명시 next surface,Group launch command/operation receipt,UX1.6;UX1.7;GO1
V03,LOADING,APPLIES,현재 context의 authorized DTO 조회중,법적 Company·고용관계 기본 대상·기존 겹치는 run·기간 기준의 skeleton; 이전 Company 민감값 없음,NONE,현재 허용된 선택/서버 ACK 입력; target binding 불변,상태 heading; background 갱신은 focus 유지,create command receipt; correlation만으로 성공추정 금지,UX1.6;UX1.4;P02
V03,EMPTY,APPLIES,조회 성공 + 해당 collection/context가 authorized empty,기본 대상0: 생성 가능 owner profile이면0명 staged; 준비완료 아님,RECOVERY_ROUTE;REFRESH,현재 허용된 선택/서버 ACK 입력; target binding 불변,빈 상태 제목 후 허용 진입 action,create command receipt; correlation만으로 성공추정 금지,UX1.6;UX1.4;P02
V03,DENIED,APPLIES,"Current authentication or whole object/page disclosure denied. Optional-field denial => authorized PARTIAL projection; action-only denial => omit/disable only that action, not whole page.",존재 공개 불가면 uniform unavailable; 민감 HTML/props/cache 제거,RECOVERY_ROUTE,서버 protected draft/history만 보존; revoked local sensitive input 제거,비공개/인증 안내 heading,create command receipt; correlation만으로 성공추정 금지,UX1.6;UX1.4;P02
V03,READY,APPLIES,이 화면의 현재 필수 source/policy/owner 상태 충족,법적 Company·고용관계 기본 대상·기존 겹치는 run·기간 기준,DRAFT_SAVE;CREATE_RUN,현재 허용된 선택/서버 ACK 입력; target binding 불변,화면 heading 또는 현재 작업 input; 자동focus이동 없음,create command receipt; correlation만으로 성공추정 금지,UX1.6;UX1.4;P02
V03,INCOMPLETE,APPLIES,authorized context이나 이 action 필수 입력/증거 미충족,필수 기간/범위 누락; typed error 수정,RECOVERY_ROUTE;REFRESH,현재 허용된 선택/서버 ACK 입력; target binding 불변,첫 허용 blocking input/task; error summary 연결,create command receipt; correlation만으로 성공추정 금지,UX1.6;UX1.4;P02
V03,PARTIAL,APPLIES,서로 독립된 허용 subset 또는 알려진 dependency 일부 실패,허용되지 않은 대상은 집계하지 않음; 정확 승인 범위 필요,REFRESH;RECOVERY_ROUTE,현재 허용된 선택/서버 ACK 입력; target binding 불변,허용 부분 범위 heading; 필요 row action,create command receipt; correlation만으로 성공추정 금지,UX1.6;UX1.4;P02
V03,STALE,APPLIES,저장 preview/선택/입력/actorcontext의 의존 version 바뀜,기존 run/원천/대상 변경; preview 다시 확인,REFRESH;RECOVERY_ROUTE,현재 허용된 선택/서버 ACK 입력; target binding 불변,허용 change summary; 이후 첫 영향 input,create command receipt; correlation만으로 성공추정 금지,UX1.6;UX1.4;P02
V03,FAILED,APPLIES,서버 read 실패 또는 owner가 확정한 no-effect failure; 둘을 구분,급여 작업 만들기의 허용 실패 이유·last acknowledged state; 실패는 성공/empty 아님,REFRESH;RECOVERY_ROUTE,현재 허용된 선택/서버 ACK 입력; target binding 불변,persistent error summary; 허용 repair,create command receipt; correlation만으로 성공추정 금지,UX1.6;UX1.4;P02
V03,UNKNOWN,APPLIES,해당 mutation이 실행됐을 수 있으나 commit/receipt 응답 미확정,처리 결과 확인중; create command receipt; correlation만으로 성공추정 금지,RESULT_RECONCILE;RECOVERY_ROUTE,현재 허용된 선택/서버 ACK 입력; target binding 불변,persistent aria-live status; 새명령실행 없음,create command receipt; correlation만으로 성공추정 금지,UX1.6;UX1.4;P02
V03,SUCCESS,APPLIES,"Mutation receipt confirmed, then server loads CURRENT owner state and recomputes each next action under command-map.when_offered; this candidate set is not blanket post-success execution authority",생성 receipt의 실제 draft_run_id로 V04 이동; next navigation uses screen-map.success destination and currently authorized object link; 실행한 이전 command 반복 버튼 아님; 현재 새 상태의 다음 행동만,REFRESH;DRAFT_SAVE;CREATE_RUN,현재 허용된 선택/서버 ACK 입력; target binding 불변,receipt/result heading 또는 명시 next surface,create command receipt; correlation만으로 성공추정 금지,UX1.6;UX1.4;P02
V04,LOADING,APPLIES,현재 context의 authorized DTO 조회중,준비 체크·누락 담당·현재/이전 입력 차이·필수 narrative·적용 기간의 skeleton; 이전 Company 민감값 없음,NONE,현재 허용된 선택/서버 ACK 입력; target binding 불변,상태 heading; background 갱신은 focus 유지,prepare/verify command receipt 및 owner case truth,UX1.6;UX1.3;PC1;P02;P03
V04,EMPTY,APPLIES,조회 성공 + 해당 collection/context가 authorized empty,대상 없음: 선정/근로관계 owner로; 마감/계산 금지,RECOVERY_ROUTE;REFRESH,현재 허용된 선택/서버 ACK 입력; target binding 불변,빈 상태 제목 후 허용 진입 action,prepare/verify command receipt 및 owner case truth,UX1.6;UX1.3;PC1;P02;P03
V04,DENIED,APPLIES,"Current authentication or whole object/page disclosure denied. Optional-field denial => authorized PARTIAL projection; action-only denial => omit/disable only that action, not whole page.",존재 공개 불가면 uniform unavailable; 민감 HTML/props/cache 제거,RECOVERY_ROUTE,서버 protected draft/history만 보존; revoked local sensitive input 제거,비공개/인증 안내 heading,prepare/verify command receipt 및 owner case truth,UX1.6;UX1.3;PC1;P02;P03
V04,READY,APPLIES,이 화면의 현재 필수 source/policy/owner 상태 충족,준비 체크·누락 담당·현재/이전 입력 차이·필수 narrative·적용 기간,NAV_WAGE;VERIFY_SOURCE;PREPARE_INPUT;DRAFT_SAVE;REVISE_REVIEW_CYCLE,현재 허용된 선택/서버 ACK 입력; target binding 불변,화면 heading 또는 현재 작업 input; 자동focus이동 없음,prepare/verify command receipt 및 owner case truth,UX1.6;UX1.3;PC1;P02;P03
V04,INCOMPLETE,APPLIES,authorized context이나 이 action 필수 입력/증거 미충족,근거 누락: exact source form/case 또는 담당 task; 추정값 금지,RECOVERY_ROUTE;REFRESH,현재 허용된 선택/서버 ACK 입력; target binding 불변,첫 허용 blocking input/task; error summary 연결,prepare/verify command receipt 및 owner case truth,UX1.6;UX1.3;PC1;P02;P03
V04,PARTIAL,APPLIES,서로 독립된 허용 subset 또는 알려진 dependency 일부 실패; each offered action must satisfy command-map.when_offered on exact visible/independent unit; no incomplete whole-scope effect,PC1 허용 입력 단위만 준비; hidden 필수단위는 별도 적격 task,NAV_WAGE;DRAFT_SAVE;PREPARE_INPUT;REFRESH;RECOVERY_ROUTE,현재 허용된 선택/서버 ACK 입력; target binding 불변,허용 부분 범위 heading; 필요 row action,prepare/verify command receipt 및 owner case truth,UX1.6;UX1.3;PC1;P02;P03
V04,STALE,APPLIES,저장 preview/선택/입력/actorcontext의 의존 version 바뀜; offer listed recovery only when its exact command-map.when_offered holds; no override of unknown/disclosure denial,새 원 사실/verification/roster 버전; old snapshot 실행 금지,REFRESH;RECOVERY_ROUTE;REVISE_REVIEW_CYCLE,현재 허용된 선택/서버 ACK 입력; target binding 불변,허용 change summary; 이후 첫 영향 input,prepare/verify command receipt 및 owner case truth,UX1.6;UX1.3;PC1;P02;P03
V04,FAILED,APPLIES,서버 read 실패 또는 owner가 확정한 no-effect failure; 둘을 구분,대상·입력·근거의 허용 실패 이유·last acknowledged state; 실패는 성공/empty 아님,REFRESH;RECOVERY_ROUTE,현재 허용된 선택/서버 ACK 입력; target binding 불변,persistent error summary; 허용 repair,prepare/verify command receipt 및 owner case truth,UX1.6;UX1.3;PC1;P02;P03
V04,UNKNOWN,APPLIES,해당 mutation이 실행됐을 수 있으나 commit/receipt 응답 미확정,처리 결과 확인중; prepare/verify command receipt 및 owner case truth,RESULT_RECONCILE;RECOVERY_ROUTE,현재 허용된 선택/서버 ACK 입력; target binding 불변,persistent aria-live status; 새명령실행 없음,prepare/verify command receipt 및 owner case truth,UX1.6;UX1.3;PC1;P02;P03
V04,SUCCESS,APPLIES,"Mutation receipt confirmed, then server loads CURRENT owner state and recomputes each next action under command-map.when_offered; this candidate set is not blanket post-success execution authority",새 input revision receipt; V06 close review; next navigation uses screen-map.success destination and currently authorized object link; 실행한 이전 command 반복 버튼 아님; 현재 새 상태의 다음 행동만,REFRESH;NAV_WAGE;VERIFY_SOURCE;PREPARE_INPUT;DRAFT_SAVE;REVISE_REVIEW_CYCLE,현재 허용된 선택/서버 ACK 입력; target binding 불변,receipt/result heading 또는 명시 next surface,prepare/verify command receipt 및 owner case truth,UX1.6;UX1.3;PC1;P02;P03
V05,LOADING,APPLIES,현재 context의 authorized DTO 조회중,현재 계약값·효력일·정정 대상 revision·영향 기간; 저장가능과 계산지원 구분의 skeleton; 이전 Company 민감값 없음,NONE,현재 허용된 선택/서버 ACK 입력; target binding 불변,상태 heading; background 갱신은 focus 유지,exact wage command receipt; timeout blind POST 금지,UX1.6;UX1.4;FD1;P01;G08
V05,EMPTY,APPLIES,조회 성공 + 해당 collection/context가 authorized empty,현재 계약급여 없음: 권한 있는 생성 입력;0원 자동값 없음,RECOVERY_ROUTE;REFRESH,현재 허용된 선택/서버 ACK 입력; target binding 불변,빈 상태 제목 후 허용 진입 action,exact wage command receipt; timeout blind POST 금지,UX1.6;UX1.4;FD1;P01;G08
V05,DENIED,APPLIES,"Current authentication or whole object/page disclosure denied. Optional-field denial => authorized PARTIAL projection; action-only denial => omit/disable only that action, not whole page.",존재 공개 불가면 uniform unavailable; 민감 HTML/props/cache 제거,RECOVERY_ROUTE,서버 protected draft/history만 보존; revoked local sensitive input 제거,비공개/인증 안내 heading,exact wage command receipt; timeout blind POST 금지,UX1.6;UX1.4;FD1;P01;G08
V05,READY,APPLIES,이 화면의 현재 필수 source/policy/owner 상태 충족,현재 계약값·효력일·정정 대상 revision·영향 기간; 저장가능과 계산지원 구분,DRAFT_SAVE;SAVE_WAGE;OPEN_HISTORY,현재 허용된 선택/서버 ACK 입력; target binding 불변,화면 heading 또는 현재 작업 input; 자동focus이동 없음,exact wage command receipt; timeout blind POST 금지,UX1.6;UX1.4;FD1;P01;G08
V05,INCOMPLETE,APPLIES,authorized context이나 이 action 필수 입력/증거 미충족,필수 amount/date/evidence 부족 또는 지원되지 않는 profile; 정확 owner exception,RECOVERY_ROUTE;REFRESH,현재 허용된 선택/서버 ACK 입력; target binding 불변,첫 허용 blocking input/task; error summary 연결,exact wage command receipt; timeout blind POST 금지,UX1.6;UX1.4;FD1;P01;G08
V05,PARTIAL,APPLIES,서로 독립된 허용 subset 또는 알려진 dependency 일부 실패; each offered action must satisfy command-map.when_offered on exact visible/independent unit; no incomplete whole-scope effect,숨긴 salary field 편집/역산 금지; 담당 작업을 적격자로 연결,DRAFT_SAVE;REFRESH;RECOVERY_ROUTE,현재 허용된 선택/서버 ACK 입력; target binding 불변,허용 부분 범위 heading; 필요 row action,exact wage command receipt; timeout blind POST 금지,UX1.6;UX1.4;FD1;P01;G08
V05,STALE,APPLIES,저장 preview/선택/입력/actorcontext의 의존 version 바뀜,같은 효력일/correction revision 충돌; 허용diff와 새CAS 검토,REFRESH;RECOVERY_ROUTE,현재 허용된 선택/서버 ACK 입력; target binding 불변,허용 change summary; 이후 첫 영향 input,exact wage command receipt; timeout blind POST 금지,UX1.6;UX1.4;FD1;P01;G08
V05,FAILED,APPLIES,서버 read 실패 또는 owner가 확정한 no-effect failure; 둘을 구분,계약급여 입력·정정의 허용 실패 이유·last acknowledged state; 실패는 성공/empty 아님,REFRESH;RECOVERY_ROUTE,현재 허용된 선택/서버 ACK 입력; target binding 불변,persistent error summary; 허용 repair,exact wage command receipt; timeout blind POST 금지,UX1.6;UX1.4;FD1;P01;G08
V05,UNKNOWN,APPLIES,해당 mutation이 실행됐을 수 있으나 commit/receipt 응답 미확정,처리 결과 확인중; exact wage command receipt; timeout blind POST 금지,RESULT_RECONCILE;RECOVERY_ROUTE,현재 허용된 선택/서버 ACK 입력; target binding 불변,persistent aria-live status; 새명령실행 없음,exact wage command receipt; timeout blind POST 금지,UX1.6;UX1.4;FD1;P01;G08
V05,SUCCESS,APPLIES,"Mutation receipt confirmed, then server loads CURRENT owner state and recomputes each next action under command-map.when_offered; this candidate set is not blanket post-success execution authority",wage fact readback 후 호출 V04로 복귀; 재준비 안내; next navigation uses screen-map.success destination and currently authorized object link; 실행한 이전 command 반복 버튼 아님; 현재 새 상태의 다음 행동만,REFRESH;DRAFT_SAVE;SAVE_WAGE;OPEN_HISTORY,현재 허용된 선택/서버 ACK 입력; target binding 불변,receipt/result heading 또는 명시 next surface,exact wage command receipt; timeout blind POST 금지,UX1.6;UX1.4;FD1;P01;G08
V06,LOADING,APPLIES,현재 context의 authorized DTO 조회중,대상·근태/휴가 미결·기간 lock·필수 차단과 경고 분리의 skeleton; 이전 Company 민감값 없음,NONE,현재 허용된 선택/서버 ACK 입력; target binding 불변,상태 heading; background 갱신은 focus 유지,close command receipt/owner state,UX1.6;UX1.4;P04
V06,EMPTY,APPLIES,조회 성공 + 해당 collection/context가 authorized empty,대상0이면 마감 불가; V04 대상 보완,RECOVERY_ROUTE;REFRESH,현재 허용된 선택/서버 ACK 입력; target binding 불변,빈 상태 제목 후 허용 진입 action,close command receipt/owner state,UX1.6;UX1.4;P04
V06,DENIED,APPLIES,"Current authentication or whole object/page disclosure denied. Optional-field denial => authorized PARTIAL projection; action-only denial => omit/disable only that action, not whole page.",존재 공개 불가면 uniform unavailable; 민감 HTML/props/cache 제거,RECOVERY_ROUTE,서버 protected draft/history만 보존; revoked local sensitive input 제거,비공개/인증 안내 heading,close command receipt/owner state,UX1.6;UX1.4;P04
V06,READY,APPLIES,이 화면의 현재 필수 source/policy/owner 상태 충족,대상·근태/휴가 미결·기간 lock·필수 차단과 경고 분리,CLOSE_ATTENDANCE;NAV_INPUTS,현재 허용된 선택/서버 ACK 입력; target binding 불변,화면 heading 또는 현재 작업 input; 자동focus이동 없음,close command receipt/owner state,UX1.6;UX1.4;P04
V06,INCOMPLETE,APPLIES,authorized context이나 이 action 필수 입력/증거 미충족,attest 미확인 또는 필수자료 부족; 현재 근거 확인,RECOVERY_ROUTE;REFRESH,현재 허용된 선택/서버 ACK 입력; target binding 불변,첫 허용 blocking input/task; error summary 연결,close command receipt/owner state,UX1.6;UX1.4;P04
V06,PARTIAL,APPLIES,서로 독립된 허용 subset 또는 알려진 dependency 일부 실패,본인 결정 필수 evidence 전체권한 없으면 실행불가; scoped work별 진행,REFRESH;RECOVERY_ROUTE,현재 허용된 선택/서버 ACK 입력; target binding 불변,허용 부분 범위 heading; 필요 row action,close command receipt/owner state,UX1.6;UX1.4;P04
V06,STALE,APPLIES,저장 preview/선택/입력/actorcontext의 의존 version 바뀜,preflight 이후 source/period 변화; current 검토부터,REFRESH;RECOVERY_ROUTE,현재 허용된 선택/서버 ACK 입력; target binding 불변,허용 change summary; 이후 첫 영향 input,close command receipt/owner state,UX1.6;UX1.4;P04
V06,FAILED,APPLIES,서버 read 실패 또는 owner가 확정한 no-effect failure; 둘을 구분,근태 마감 검토의 허용 실패 이유·last acknowledged state; 실패는 성공/empty 아님,REFRESH;RECOVERY_ROUTE,현재 허용된 선택/서버 ACK 입력; target binding 불변,persistent error summary; 허용 repair,close command receipt/owner state,UX1.6;UX1.4;P04
V06,UNKNOWN,APPLIES,해당 mutation이 실행됐을 수 있으나 commit/receipt 응답 미확정,처리 결과 확인중; close command receipt/owner state,RESULT_RECONCILE;RECOVERY_ROUTE,현재 허용된 선택/서버 ACK 입력; target binding 불변,persistent aria-live status; 새명령실행 없음,close command receipt/owner state,UX1.6;UX1.4;P04
V06,SUCCESS,APPLIES,"Mutation receipt confirmed, then server loads CURRENT owner state and recomputes each next action under command-map.when_offered; this candidate set is not blanket post-success execution authority",마감 receipt로 V07; 승인/법률 적합/휴가 허용 뜻 아님; next navigation uses screen-map.success destination and currently authorized object link; 실행한 이전 command 반복 버튼 아님; 현재 새 상태의 다음 행동만,REFRESH;CLOSE_ATTENDANCE;NAV_INPUTS,현재 허용된 선택/서버 ACK 입력; target binding 불변,receipt/result heading 또는 명시 next surface,close command receipt/owner state,UX1.6;UX1.4;P04
V07,LOADING,APPLIES,현재 context의 authorized DTO 조회중,저장 version·차단 행·근거·허용 전후차이·현재성; payable=false의 skeleton; 이전 Company 민감값 없음,NONE,현재 허용된 선택/서버 ACK 입력; target binding 불변,상태 heading; background 갱신은 focus 유지,calculate/submit/correction command 및 immutable receipt,UX1.6;UX1.7;AC1;PC1
V07,EMPTY,APPLIES,조회 성공 + 해당 collection/context가 authorized empty; offer listed recovery only when its exact command-map.when_offered holds; no override of unknown/disclosure denial,계산결과 없음: 준비/마감 후 실제 계산;0원 명세 아님,RECOVERY_ROUTE;REFRESH;CALCULATE,현재 허용된 선택/서버 ACK 입력; target binding 불변,빈 상태 제목 후 허용 진입 action,calculate/submit/correction command 및 immutable receipt,UX1.6;UX1.7;AC1;PC1
V07,DENIED,APPLIES,"Current authentication or whole object/page disclosure denied. Optional-field denial => authorized PARTIAL projection; action-only denial => omit/disable only that action, not whole page.",존재 공개 불가면 uniform unavailable; 민감 HTML/props/cache 제거,RECOVERY_ROUTE,서버 protected draft/history만 보존; revoked local sensitive input 제거,비공개/인증 안내 heading,calculate/submit/correction command 및 immutable receipt,UX1.6;UX1.7;AC1;PC1
V07,READY,APPLIES,이 화면의 현재 필수 source/policy/owner 상태 충족,저장 version·차단 행·근거·허용 전후차이·현재성; payable=false,CALCULATE;OPEN_REVIEW_CYCLE;SUBMIT_REVIEW;NAV_INPUTS;CORRECT_APPROVED;OPEN_RELEASE;REVISE_REVIEW_CYCLE,현재 허용된 선택/서버 ACK 입력; target binding 불변,화면 heading 또는 현재 작업 input; 자동focus이동 없음,calculate/submit/correction command 및 immutable receipt,UX1.6;UX1.7;AC1;PC1
V07,INCOMPLETE,APPLIES,authorized context이나 이 action 필수 입력/증거 미충족,미계산/차단 단위는 원 입력 task 보완; 총액 미확정,RECOVERY_ROUTE;REFRESH,현재 허용된 선택/서버 ACK 입력; target binding 불변,첫 허용 blocking input/task; error summary 연결,calculate/submit/correction command 및 immutable receipt,UX1.6;UX1.7;AC1;PC1
V07,PARTIAL,APPLIES,서로 독립된 허용 subset 또는 알려진 dependency 일부 실패; each offered action must satisfy command-map.when_offered on exact visible/independent unit; no incomplete whole-scope effect,허용 행과 부분coverage만; hidden/net 총액 추정없음,NAV_INPUTS;SUBMIT_REVIEW;REFRESH;RECOVERY_ROUTE,현재 허용된 선택/서버 ACK 입력; target binding 불변,허용 부분 범위 heading; 필요 row action,calculate/submit/correction command 및 immutable receipt,UX1.6;UX1.7;AC1;PC1
V07,STALE,APPLIES,저장 preview/선택/입력/actorcontext의 의존 version 바뀜; offer listed recovery only when its exact command-map.when_offered holds; no override of unknown/disclosure denial,old result는 역사; 새 source 준비/재마감/재계산 필요,REFRESH;RECOVERY_ROUTE;CORRECT_APPROVED;REVISE_REVIEW_CYCLE,현재 허용된 선택/서버 ACK 입력; target binding 불변,허용 change summary; 이후 첫 영향 input,calculate/submit/correction command 및 immutable receipt,UX1.6;UX1.7;AC1;PC1
V07,FAILED,APPLIES,서버 read 실패 또는 owner가 확정한 no-effect failure; 둘을 구분,계산 결과·차이의 허용 실패 이유·last acknowledged state; 실패는 성공/empty 아님,REFRESH;RECOVERY_ROUTE,현재 허용된 선택/서버 ACK 입력; target binding 불변,persistent error summary; 허용 repair,calculate/submit/correction command 및 immutable receipt,UX1.6;UX1.7;AC1;PC1
V07,UNKNOWN,APPLIES,해당 mutation이 실행됐을 수 있으나 commit/receipt 응답 미확정,처리 결과 확인중; calculate/submit/correction command 및 immutable receipt,RESULT_RECONCILE;RECOVERY_ROUTE,현재 허용된 선택/서버 ACK 입력; target binding 불변,persistent aria-live status; 새명령실행 없음,calculate/submit/correction command 및 immutable receipt,UX1.6;UX1.7;AC1;PC1
V07,SUCCESS,APPLIES,"Mutation receipt confirmed, then server loads CURRENT owner state and recomputes each next action under command-map.when_offered; this candidate set is not blanket post-success execution authority",정확 계산/검토요청/정정 receipt에 따른 다음 상태; next navigation uses screen-map.success destination and currently authorized object link; 실행한 이전 command 반복 버튼 아님; 현재 새 상태의 다음 행동만,REFRESH;CALCULATE;OPEN_REVIEW_CYCLE;SUBMIT_REVIEW;NAV_INPUTS;CORRECT_APPROVED;OPEN_RELEASE;REVISE_REVIEW_CYCLE,현재 허용된 선택/서버 ACK 입력; target binding 불변,receipt/result heading 또는 명시 next surface,calculate/submit/correction command 및 immutable receipt,UX1.6;UX1.7;AC1;PC1
V08,LOADING,APPLIES,현재 context의 authorized DTO 조회중,정확 범위·원 제출자·source/계산·차이·필수 이슈·현재 허용 상태의 skeleton; 이전 Company 민감값 없음,NONE,현재 허용된 선택/서버 ACK 입력; target binding 불변,상태 heading; background 갱신은 focus 유지,decision command/coverage receipt; gate permit≠decision,UX1.6;UX1.7;AC1;PC1
V08,EMPTY,APPLIES,조회 성공 + 해당 collection/context가 authorized empty,할당 검토 없음 또는 이미 종료; 현재 receipt로,RECOVERY_ROUTE;REFRESH,현재 허용된 선택/서버 ACK 입력; target binding 불변,빈 상태 제목 후 허용 진입 action,decision command/coverage receipt; gate permit≠decision,UX1.6;UX1.7;AC1;PC1
V08,DENIED,APPLIES,"Current authentication or whole object/page disclosure denied. Optional-field denial => authorized PARTIAL projection; action-only denial => omit/disable only that action, not whole page.",존재 공개 불가면 uniform unavailable; 민감 HTML/props/cache 제거,RECOVERY_ROUTE,서버 protected draft/history만 보존; revoked local sensitive input 제거,비공개/인증 안내 heading,decision command/coverage receipt; gate permit≠decision,UX1.6;UX1.7;AC1;PC1
V08,READY,APPLIES,이 화면의 현재 필수 source/policy/owner 상태 충족,정확 범위·원 제출자·source/계산·차이·필수 이슈·현재 허용 상태,DECIDE_REVIEW;REQUEST_GATE;CANCEL_PENDING;SUBMIT_REVIEW;REVISE_REVIEW_CYCLE;WITHDRAW_REVIEW_DECISION;CANCEL_REVIEW_CYCLE;NAV_INPUTS;NAV_WAGE,현재 허용된 선택/서버 ACK 입력; target binding 불변,화면 heading 또는 현재 작업 input; 자동focus이동 없음,decision command/coverage receipt; gate permit≠decision,UX1.6;UX1.7;AC1;PC1
V08,INCOMPLETE,APPLIES,authorized context이나 이 action 필수 입력/증거 미충족; offer listed recovery only when its exact command-map.when_offered holds; no override of unknown/disclosure denial,필수근거 미충족/동일인/추가gate필요; blind approve 없음,RECOVERY_ROUTE;REFRESH;REQUEST_GATE;REVISE_REVIEW_CYCLE;NAV_INPUTS;NAV_WAGE,현재 허용된 선택/서버 ACK 입력; target binding 불변,첫 허용 blocking input/task; error summary 연결,decision command/coverage receipt; gate permit≠decision,UX1.6;UX1.7;AC1;PC1
V08,PARTIAL,APPLIES,서로 독립된 허용 subset 또는 알려진 dependency 일부 실패; each offered action must satisfy command-map.when_offered on exact visible/independent unit; no incomplete whole-scope effect,PC1 exact 단위만; 나머지 숨긴 대상 승인하지 않음,DECIDE_REVIEW;REQUEST_GATE;REFRESH;RECOVERY_ROUTE;NAV_INPUTS;NAV_WAGE,현재 허용된 선택/서버 ACK 입력; target binding 불변,허용 부분 범위 heading; 필요 row action,decision command/coverage receipt; gate permit≠decision,UX1.6;UX1.7;AC1;PC1
V08,STALE,APPLIES,저장 preview/선택/입력/actorcontext의 의존 version 바뀜; offer listed recovery only when its exact command-map.when_offered holds; no override of unknown/disclosure denial,proposal/source/policy 변경; 새 현재 intent/gate 필요,REFRESH;RECOVERY_ROUTE;REVISE_REVIEW_CYCLE;CANCEL_REVIEW_CYCLE;NAV_INPUTS;NAV_WAGE,현재 허용된 선택/서버 ACK 입력; target binding 불변,허용 change summary; 이후 첫 영향 input,decision command/coverage receipt; gate permit≠decision,UX1.6;UX1.7;AC1;PC1
V08,FAILED,APPLIES,서버 read 실패 또는 owner가 확정한 no-effect failure; 둘을 구분,급여안·검토단위 결정의 허용 실패 이유·last acknowledged state; 실패는 성공/empty 아님,REFRESH;RECOVERY_ROUTE,현재 허용된 선택/서버 ACK 입력; target binding 불변,persistent error summary; 허용 repair,decision command/coverage receipt; gate permit≠decision,UX1.6;UX1.7;AC1;PC1
V08,UNKNOWN,APPLIES,해당 mutation이 실행됐을 수 있으나 commit/receipt 응답 미확정,처리 결과 확인중; decision command/coverage receipt; gate permit≠decision,RESULT_RECONCILE;RECOVERY_ROUTE,현재 허용된 선택/서버 ACK 입력; target binding 불변,persistent aria-live status; 새명령실행 없음,decision command/coverage receipt; gate permit≠decision,UX1.6;UX1.7;AC1;PC1
V08,SUCCESS,APPLIES,"Mutation receipt confirmed, then server loads CURRENT owner state and recomputes each next action under command-map.when_offered; this candidate set is not blanket post-success execution authority",내 exact 검토 완료; 전역 completion은 별도 허용 evidence; next navigation uses screen-map.success destination and currently authorized object link; 실행한 이전 command 반복 버튼 아님; 현재 새 상태의 다음 행동만,REFRESH;DECIDE_REVIEW;REQUEST_GATE;CANCEL_PENDING;SUBMIT_REVIEW;REVISE_REVIEW_CYCLE;WITHDRAW_REVIEW_DECISION;CANCEL_REVIEW_CYCLE;NAV_INPUTS;NAV_WAGE,현재 허용된 선택/서버 ACK 입력; target binding 불변,receipt/result heading 또는 명시 next surface,decision command/coverage receipt; gate permit≠decision,UX1.6;UX1.7;AC1;PC1
V09,LOADING,APPLIES,현재 context의 authorized DTO 조회중,PREPARING/ACTIVE/STOPPED 및 perCompany last-known/receipt; hidden counts 없음의 skeleton; 이전 Company 민감값 없음,NONE,현재 허용된 선택/서버 ACK 입력; target binding 불변,상태 heading; background 갱신은 focus 유지,parent/child command receipts; 기존 mirror absence로 no-effect 추정금지,UX1.6;UX1.7;GO1
V09,EMPTY,APPLIES,조회 성공 + 해당 collection/context가 authorized empty,알려진 op의 실대상0은 owner invariant오류; 신규빈 GET은 생성안함,RECOVERY_ROUTE;REFRESH,현재 허용된 선택/서버 ACK 입력; target binding 불변,빈 상태 제목 후 허용 진입 action,parent/child command receipts; 기존 mirror absence로 no-effect 추정금지,UX1.6;UX1.7;GO1
V09,DENIED,APPLIES,"Current authentication or whole object/page disclosure denied. Optional-field denial => authorized PARTIAL projection; action-only denial => omit/disable only that action, not whole page.",존재 공개 불가면 uniform unavailable; 민감 HTML/props/cache 제거,RECOVERY_ROUTE,서버 protected draft/history만 보존; revoked local sensitive input 제거,비공개/인증 안내 heading,parent/child command receipts; 기존 mirror absence로 no-effect 추정금지,UX1.6;UX1.7;GO1
V09,READY,APPLIES,이 화면의 현재 필수 source/policy/owner 상태 충족,PREPARING/ACTIVE/STOPPED 및 perCompany last-known/receipt; hidden counts 없음,RESULT_RECONCILE;RESUME_GROUP;STOP_GROUP,현재 허용된 선택/서버 ACK 입력; target binding 불변,화면 heading 또는 현재 작업 input; 자동focus이동 없음,parent/child command receipts; 기존 mirror absence로 no-effect 추정금지,UX1.6;UX1.7;GO1
V09,INCOMPLETE,APPLIES,authorized context이나 이 action 필수 입력/증거 미충족,준비/현재 actor 권한 부족: current owner 보완; 입력유지,RECOVERY_ROUTE;REFRESH,현재 허용된 선택/서버 ACK 입력; target binding 불변,첫 허용 blocking input/task; error summary 연결,parent/child command receipts; 기존 mirror absence로 no-effect 추정금지,UX1.6;UX1.7;GO1
V09,PARTIAL,APPLIES,서로 독립된 허용 subset 또는 알려진 dependency 일부 실패; each offered action must satisfy command-map.when_offered on exact visible/independent unit; no incomplete whole-scope effect,성공/대기/차단/unknown 각 대상 사실; 전체성공토스트 금지,RESULT_RECONCILE;STOP_GROUP;REFRESH;RECOVERY_ROUTE,현재 허용된 선택/서버 ACK 입력; target binding 불변,허용 부분 범위 heading; 필요 row action,parent/child command receipts; 기존 mirror absence로 no-effect 추정금지,UX1.6;UX1.7;GO1
V09,STALE,APPLIES,저장 preview/선택/입력/actorcontext의 의존 version 바뀜; offer listed recovery only when its exact command-map.when_offered holds; no override of unknown/disclosure denial,membership incarnation/actorcontext 변경; GO1 새검토/명시resume,REFRESH;RECOVERY_ROUTE;RESUME_GROUP,현재 허용된 선택/서버 ACK 입력; target binding 불변,허용 change summary; 이후 첫 영향 input,parent/child command receipts; 기존 mirror absence로 no-effect 추정금지,UX1.6;UX1.7;GO1
V09,FAILED,APPLIES,서버 read 실패 또는 owner가 확정한 no-effect failure; 둘을 구분,전사 계산 실행·복구의 허용 실패 이유·last acknowledged state; 실패는 성공/empty 아님,REFRESH;RECOVERY_ROUTE,현재 허용된 선택/서버 ACK 입력; target binding 불변,persistent error summary; 허용 repair,parent/child command receipts; 기존 mirror absence로 no-effect 추정금지,UX1.6;UX1.7;GO1
V09,UNKNOWN,APPLIES,해당 mutation이 실행됐을 수 있으나 commit/receipt 응답 미확정,처리 결과 확인중; parent/child command receipts; 기존 mirror absence로 no-effect 추정금지,RESULT_RECONCILE;RECOVERY_ROUTE;STOP_GROUP,현재 허용된 선택/서버 ACK 입력; target binding 불변,persistent aria-live status; 새명령실행 없음,parent/child command receipts; 기존 mirror absence로 no-effect 추정금지,UX1.6;UX1.7;GO1
V09,SUCCESS,APPLIES,"Mutation receipt confirmed, then server loads CURRENT owner state and recomputes each next action under command-map.when_offered; this candidate set is not blanket post-success execution authority",허용 selected 범위 계산 완료; 지급/승인 아님; next navigation uses screen-map.success destination and currently authorized object link; 실행한 이전 command 반복 버튼 아님; 현재 새 상태의 다음 행동만,REFRESH;RESULT_RECONCILE;RESUME_GROUP;STOP_GROUP,현재 허용된 선택/서버 ACK 입력; target binding 불변,receipt/result heading 또는 명시 next surface,parent/child command receipts; 기존 mirror absence로 no-effect 추정금지,UX1.6;UX1.7;GO1
V10,LOADING,APPLIES,현재 context의 authorized DTO 조회중,공개 검토본 kind·원 version·허용 금액/basis·정정경고·내요청의 skeleton; 이전 Company 민감값 없음,NONE,현재 허용된 선택/서버 ACK 입력; target binding 불변,상태 heading; background 갱신은 focus 유지,authorized current read/scope projection,UX1.6;UX1.7;PR1;EC1
V10,EMPTY,APPLIES,조회 성공 + 해당 collection/context가 authorized empty,공개된 검토본 없음; 기간문의 가능; 내부 run 유무 숨김,RECOVERY_ROUTE;REFRESH,현재 허용된 선택/서버 ACK 입력; target binding 불변,빈 상태 제목 후 허용 진입 action,authorized current read/scope projection,UX1.6;UX1.7;PR1;EC1
V10,DENIED,APPLIES,"Current authentication or whole object/page disclosure denied. Optional-field denial => authorized PARTIAL projection; action-only denial => omit/disable only that action, not whole page.",존재 공개 불가면 uniform unavailable; 민감 HTML/props/cache 제거,RECOVERY_ROUTE,서버 protected draft/history만 보존; revoked local sensitive input 제거,비공개/인증 안내 heading,authorized current read/scope projection,UX1.6;UX1.7;PR1;EC1
V10,READY,APPLIES,이 화면의 현재 필수 source/policy/owner 상태 충족,공개 검토본 kind·원 version·허용 금액/basis·정정경고·내요청,OPEN_OWN_REQUEST;REFRESH,현재 허용된 선택/서버 ACK 입력; target binding 불변,화면 heading 또는 현재 작업 input; 자동focus이동 없음,authorized current read/scope projection,UX1.6;UX1.7;PR1;EC1
V10,INCOMPLETE,APPLIES,authorized context이나 이 action 필수 입력/증거 미충족,허용 과거기록 source 확인불가: 문의/복구,RECOVERY_ROUTE;REFRESH,현재 허용된 선택/서버 ACK 입력; target binding 불변,첫 허용 blocking input/task; error summary 연결,authorized current read/scope projection,UX1.6;UX1.7;PR1;EC1
V10,PARTIAL,APPLIES,서로 독립된 허용 subset 또는 알려진 dependency 일부 실패; each offered action must satisfy command-map.when_offered on exact visible/independent unit; no incomplete whole-scope effect,허용 필드만; 종속 totals/deltas도 별도 공개정책,OPEN_OWN_REQUEST;REFRESH,현재 허용된 선택/서버 ACK 입력; target binding 불변,허용 부분 범위 heading; 필요 row action,authorized current read/scope projection,UX1.6;UX1.7;PR1;EC1
V10,STALE,APPLIES,저장 preview/선택/입력/actorcontext의 의존 version 바뀜,공개 본문은 불변; 현재 정정/보안상태 재조회,REFRESH;RECOVERY_ROUTE,현재 허용된 선택/서버 ACK 입력; target binding 불변,허용 change summary; 이후 첫 영향 input,authorized current read/scope projection,UX1.6;UX1.7;PR1;EC1
V10,FAILED,APPLIES,서버 read 실패 또는 owner가 확정한 no-effect failure; 둘을 구분,나의 급여 기록의 허용 실패 이유·last acknowledged state; 실패는 성공/empty 아님,REFRESH;RECOVERY_ROUTE,현재 허용된 선택/서버 ACK 입력; target binding 불변,persistent error summary; 허용 repair,authorized current read/scope projection,UX1.6;UX1.7;PR1;EC1
V10,UNKNOWN,NOT_APPLICABLE,조회/탐색 전용 surface는 business mutation receipt를 갖지 않음,이 화면의 조회 불확실성은 LOADING/FAILED/PARTIAL; linked action의 UNKNOWN은 해당 owner surface에서,REFRESH,허용 filter/navigation만,조회 상태 heading,authorized current read/scope projection,UX1.6;UX1.7;PR1;EC1
V10,SUCCESS,APPLIES,Successful authorized read/navigation resolves to usable READY content; preserve currently authorized read-context actions,허용 publication 조회; 읽음/수신=급여동의 아님; next navigation uses screen-map.success destination and currently authorized object link; 본인 정정요청 등 현재 허용 진입은 refresh 없이 유지,OPEN_OWN_REQUEST;REFRESH,현재 허용된 선택/서버 ACK 입력; target binding 불변,receipt/result heading 또는 명시 next surface,authorized current read/scope projection,UX1.6;UX1.7;PR1;EC1
S01,LOADING,APPLIES,현재 context의 authorized DTO 조회중,D의 의도·허가 범위·유효기간·허가자 독립성; salary decision과 구분의 skeleton; 이전 Company 민감값 없음,NONE,현재 허용된 선택/서버 ACK 입력; target binding 불변,상태 heading; background 갱신은 focus 유지,governance command receipt; payroll상태는 별도,UX1.6;UX1.7;AC1
S01,EMPTY,APPLIES,조회 성공 + 해당 collection/context가 authorized empty,진행 gate없음; 자동 payroll승인 없음,RECOVERY_ROUTE;REFRESH,현재 허용된 선택/서버 ACK 입력; target binding 불변,빈 상태 제목 후 허용 진입 action,governance command receipt; payroll상태는 별도,UX1.6;UX1.7;AC1
S01,DENIED,APPLIES,"Current authentication or whole object/page disclosure denied. Optional-field denial => authorized PARTIAL projection; action-only denial => omit/disable only that action, not whole page.",존재 공개 불가면 uniform unavailable; 민감 HTML/props/cache 제거,RECOVERY_ROUTE,서버 protected draft/history만 보존; revoked local sensitive input 제거,비공개/인증 안내 heading,governance command receipt; payroll상태는 별도,UX1.6;UX1.7;AC1
S01,READY,APPLIES,이 화면의 현재 필수 source/policy/owner 상태 충족,D의 의도·허가 범위·유효기간·허가자 독립성; salary decision과 구분,DECIDE_GATE;REFRESH,현재 허용된 선택/서버 ACK 입력; target binding 불변,화면 heading 또는 현재 작업 input; 자동focus이동 없음,governance command receipt; payroll상태는 별도,UX1.6;UX1.7;AC1
S01,INCOMPLETE,APPLIES,authorized context이나 이 action 필수 입력/증거 미충족,필수 scope/증거/자연인검증 부족; owner repair,RECOVERY_ROUTE;REFRESH,현재 허용된 선택/서버 ACK 입력; target binding 불변,첫 허용 blocking input/task; error summary 연결,governance command receipt; payroll상태는 별도,UX1.6;UX1.7;AC1
S01,PARTIAL,APPLIES,서로 독립된 허용 subset 또는 알려진 dependency 일부 실패,gate 필수 검토범위를 못보면 결정불가; 적격자task,REFRESH;RECOVERY_ROUTE,현재 허용된 선택/서버 ACK 입력; target binding 불변,허용 부분 범위 heading; 필요 row action,governance command receipt; payroll상태는 별도,UX1.6;UX1.7;AC1
S01,STALE,APPLIES,저장 preview/선택/입력/actorcontext의 의존 version 바뀜,gate expired/revoked/contentchanged: 새 intent; old허가 재사용금지,REFRESH;RECOVERY_ROUTE,현재 허용된 선택/서버 ACK 입력; target binding 불변,허용 change summary; 이후 첫 영향 input,governance command receipt; payroll상태는 별도,UX1.6;UX1.7;AC1
S01,FAILED,APPLIES,서버 read 실패 또는 owner가 확정한 no-effect failure; 둘을 구분,결정 실행허가의 허용 실패 이유·last acknowledged state; 실패는 성공/empty 아님,REFRESH;RECOVERY_ROUTE,현재 허용된 선택/서버 ACK 입력; target binding 불변,persistent error summary; 허용 repair,governance command receipt; payroll상태는 별도,UX1.6;UX1.7;AC1
S01,UNKNOWN,APPLIES,해당 mutation이 실행됐을 수 있으나 commit/receipt 응답 미확정,처리 결과 확인중; governance command receipt; payroll상태는 별도,RESULT_RECONCILE;RECOVERY_ROUTE,현재 허용된 선택/서버 ACK 입력; target binding 불변,persistent aria-live status; 새명령실행 없음,governance command receipt; payroll상태는 별도,UX1.6;UX1.7;AC1
S01,SUCCESS,APPLIES,"Mutation receipt confirmed, then server loads CURRENT owner state and recomputes each next action under command-map.when_offered; this candidate set is not blanket post-success execution authority",gate receipt; D는 V08에서 exact decision 명시 실행; next navigation uses screen-map.success destination and currently authorized object link; 실행한 이전 command 반복 버튼 아님; 현재 새 상태의 다음 행동만,REFRESH;DECIDE_GATE,현재 허용된 선택/서버 ACK 입력; target binding 불변,receipt/result heading 또는 명시 next surface,governance command receipt; payroll상태는 별도,UX1.6;UX1.7;AC1
S02,LOADING,APPLIES,현재 context의 authorized DTO 조회중,허용 수신대상/범위·검토증거·public projection 종류·미지급 의미의 skeleton; 이전 Company 민감값 없음,NONE,현재 허용된 선택/서버 ACK 입력; target binding 불변,상태 heading; background 갱신은 focus 유지,publication/replace command receipt; 중복CURRENT 금지,UX1.6;UX1.7;PR1
S02,EMPTY,APPLIES,조회 성공 + 해당 collection/context가 authorized empty,공개대상0: 실행없음; 수신권한/대상 보완,RECOVERY_ROUTE;REFRESH,현재 허용된 선택/서버 ACK 입력; target binding 불변,빈 상태 제목 후 허용 진입 action,publication/replace command receipt; 중복CURRENT 금지,UX1.6;UX1.7;PR1
S02,DENIED,APPLIES,"Current authentication or whole object/page disclosure denied. Optional-field denial => authorized PARTIAL projection; action-only denial => omit/disable only that action, not whole page.",존재 공개 불가면 uniform unavailable; 민감 HTML/props/cache 제거,RECOVERY_ROUTE,서버 protected draft/history만 보존; revoked local sensitive input 제거,비공개/인증 안내 heading,publication/replace command receipt; 중복CURRENT 금지,UX1.6;UX1.7;PR1
S02,READY,APPLIES,이 화면의 현재 필수 source/policy/owner 상태 충족,허용 수신대상/범위·검토증거·public projection 종류·미지급 의미,DRAFT_SAVE;RELEASE_REVIEW;REPLACE_PROJECTION,현재 허용된 선택/서버 ACK 입력; target binding 불변,화면 heading 또는 현재 작업 input; 자동focus이동 없음,publication/replace command receipt; 중복CURRENT 금지,UX1.6;UX1.7;PR1
S02,INCOMPLETE,APPLIES,authorized context이나 이 action 필수 입력/증거 미충족,미승인/subject proof/source 미준비; whole selection block or explicit subset,RECOVERY_ROUTE;REFRESH,현재 허용된 선택/서버 ACK 입력; target binding 불변,첫 허용 blocking input/task; error summary 연결,publication/replace command receipt; 중복CURRENT 금지,UX1.6;UX1.7;PR1
S02,PARTIAL,APPLIES,서로 독립된 허용 subset 또는 알려진 dependency 일부 실패,필수 대상metadata 불가하면 선택불가; amounts read없이 publish는PR1조건,REFRESH;RECOVERY_ROUTE,현재 허용된 선택/서버 ACK 입력; target binding 불변,허용 부분 범위 heading; 필요 row action,publication/replace command receipt; 중복CURRENT 금지,UX1.6;UX1.7;PR1
S02,STALE,APPLIES,저장 preview/선택/입력/actorcontext의 의존 version 바뀜,source/subject/projection/current-slot 변경: preview refresh,REFRESH;RECOVERY_ROUTE,현재 허용된 선택/서버 ACK 입력; target binding 불변,허용 change summary; 이후 첫 영향 input,publication/replace command receipt; 중복CURRENT 금지,UX1.6;UX1.7;PR1
S02,FAILED,APPLIES,서버 read 실패 또는 owner가 확정한 no-effect failure; 둘을 구분,본인 검토본 공개·표시 정정의 허용 실패 이유·last acknowledged state; 실패는 성공/empty 아님,REFRESH;RECOVERY_ROUTE,현재 허용된 선택/서버 ACK 입력; target binding 불변,persistent error summary; 허용 repair,publication/replace command receipt; 중복CURRENT 금지,UX1.6;UX1.7;PR1
S02,UNKNOWN,APPLIES,해당 mutation이 실행됐을 수 있으나 commit/receipt 응답 미확정,처리 결과 확인중; publication/replace command receipt; 중복CURRENT 금지,RESULT_RECONCILE;RECOVERY_ROUTE,현재 허용된 선택/서버 ACK 입력; target binding 불변,persistent aria-live status; 새명령실행 없음,publication/replace command receipt; 중복CURRENT 금지,UX1.6;UX1.7;PR1
S02,SUCCESS,APPLIES,"Mutation receipt confirmed, then server loads CURRENT owner state and recomputes each next action under command-map.when_offered; this candidate set is not blanket post-success execution authority",publication receipt·현재slot; 본인 V10; 지급발행 아님; next navigation uses screen-map.success destination and currently authorized object link; 실행한 이전 command 반복 버튼 아님; 현재 새 상태의 다음 행동만,REFRESH;DRAFT_SAVE;RELEASE_REVIEW;REPLACE_PROJECTION,현재 허용된 선택/서버 ACK 입력; target binding 불변,receipt/result heading 또는 명시 next surface,publication/replace command receipt; 중복CURRENT 금지,UX1.6;UX1.7;PR1
S03,LOADING,APPLIES,현재 context의 authorized DTO 조회중,선택 원항목/basis·제출공개 범위·실제 case상태·답변·정정본의 skeleton; 이전 Company 민감값 없음,NONE,현재 허용된 선택/서버 ACK 입력; target binding 불변,상태 heading; background 갱신은 focus 유지,case submit/update receipt; handler없어도 접수보존,UX1.6;UX1.7;PR1;FD1
S03,EMPTY,APPLIES,조회 성공 + 해당 collection/context가 authorized empty,기존 request없음: authorized own input; nopublication도 기간문의 가능,RECOVERY_ROUTE;REFRESH,현재 허용된 선택/서버 ACK 입력; target binding 불변,빈 상태 제목 후 허용 진입 action,case submit/update receipt; handler없어도 접수보존,UX1.6;UX1.7;PR1;FD1
S03,DENIED,APPLIES,"Current authentication or whole object/page disclosure denied. Optional-field denial => authorized PARTIAL projection; action-only denial => omit/disable only that action, not whole page.",존재 공개 불가면 uniform unavailable; 민감 HTML/props/cache 제거,RECOVERY_ROUTE,서버 protected draft/history만 보존; revoked local sensitive input 제거,비공개/인증 안내 heading,case submit/update receipt; handler없어도 접수보존,UX1.6;UX1.7;PR1;FD1
S03,READY,APPLIES,이 화면의 현재 필수 source/policy/owner 상태 충족,선택 원항목/basis·제출공개 범위·실제 case상태·답변·정정본,DRAFT_SAVE;SUBMIT_OWN_REQUEST;OWN_CASE_UPDATE;OPEN_HISTORY,현재 허용된 선택/서버 ACK 입력; target binding 불변,화면 heading 또는 현재 작업 input; 자동focus이동 없음,case submit/update receipt; handler없어도 접수보존,UX1.6;UX1.7;PR1;FD1
S03,INCOMPLETE,APPLIES,authorized context이나 이 action 필수 입력/증거 미충족,필수 type/연결정보 부족; 대체금액/첨부 강요없음,RECOVERY_ROUTE;REFRESH,현재 허용된 선택/서버 ACK 입력; target binding 불변,첫 허용 blocking input/task; error summary 연결,case submit/update receipt; handler없어도 접수보존,UX1.6;UX1.7;PR1;FD1
S03,PARTIAL,APPLIES,서로 독립된 허용 subset 또는 알려진 dependency 일부 실패; each offered action must satisfy command-map.when_offered on exact visible/independent unit; no incomplete whole-scope effect,본인 허용 content만; 내부 coworker/handler정보 별도,DRAFT_SAVE;OWN_CASE_UPDATE;REFRESH;RECOVERY_ROUTE,현재 허용된 선택/서버 ACK 입력; target binding 불변,허용 부분 범위 heading; 필요 row action,case submit/update receipt; handler없어도 접수보존,UX1.6;UX1.7;PR1;FD1
S03,STALE,APPLIES,저장 preview/선택/입력/actorcontext의 의존 version 바뀜,request revision/own권한 변화; 새evidence 검토후 CAS,REFRESH;RECOVERY_ROUTE,현재 허용된 선택/서버 ACK 입력; target binding 불변,허용 change summary; 이후 첫 영향 input,case submit/update receipt; handler없어도 접수보존,UX1.6;UX1.7;PR1;FD1
S03,FAILED,APPLIES,서버 read 실패 또는 owner가 확정한 no-effect failure; 둘을 구분,내 확인·정정 요청의 허용 실패 이유·last acknowledged state; 실패는 성공/empty 아님,REFRESH;RECOVERY_ROUTE,현재 허용된 선택/서버 ACK 입력; target binding 불변,persistent error summary; 허용 repair,case submit/update receipt; handler없어도 접수보존,UX1.6;UX1.7;PR1;FD1
S03,UNKNOWN,APPLIES,해당 mutation이 실행됐을 수 있으나 commit/receipt 응답 미확정,처리 결과 확인중; case submit/update receipt; handler없어도 접수보존,RESULT_RECONCILE;RECOVERY_ROUTE,현재 허용된 선택/서버 ACK 입력; target binding 불변,persistent aria-live status; 새명령실행 없음,case submit/update receipt; handler없어도 접수보존,UX1.6;UX1.7;PR1;FD1
S03,SUCCESS,APPLIES,"Mutation receipt confirmed, then server loads CURRENT owner state and recomputes each next action under command-map.when_offered; this candidate set is not blanket post-success execution authority",case 접수/본인 추가response receipt; 새published 결과와 답변 확인; next navigation uses screen-map.success destination and currently authorized object link; 실행한 이전 command 반복 버튼 아님; 현재 새 상태의 다음 행동만,REFRESH;DRAFT_SAVE;SUBMIT_OWN_REQUEST;OWN_CASE_UPDATE;OPEN_HISTORY,현재 허용된 선택/서버 ACK 입력; target binding 불변,receipt/result heading 또는 명시 next surface,case submit/update receipt; handler없어도 접수보존,UX1.6;UX1.7;PR1;FD1
S04,LOADING,APPLIES,현재 context의 authorized DTO 조회중,최신 narrative·각 issue·허용 근거·원액/현재정정상태·다음 필요업무의 skeleton; 이전 Company 민감값 없음,NONE,현재 허용된 선택/서버 ACK 입력; target binding 불변,상태 heading; background 갱신은 focus 유지,response/domaineffect receipt; 재배정만으로 case완료 금지,UX1.6;UX1.7;PR1;WA2
S04,EMPTY,APPLIES,조회 성공 + 해당 collection/context가 authorized empty,현재 할당없음/이미처리됨; 현재허용 결과확인,RECOVERY_ROUTE;REFRESH,현재 허용된 선택/서버 ACK 입력; target binding 불변,빈 상태 제목 후 허용 진입 action,response/domaineffect receipt; 재배정만으로 case완료 금지,UX1.6;UX1.7;PR1;WA2
S04,DENIED,APPLIES,"Current authentication or whole object/page disclosure denied. Optional-field denial => authorized PARTIAL projection; action-only denial => omit/disable only that action, not whole page.",존재 공개 불가면 uniform unavailable; 민감 HTML/props/cache 제거,RECOVERY_ROUTE,서버 protected draft/history만 보존; revoked local sensitive input 제거,비공개/인증 안내 heading,response/domaineffect receipt; 재배정만으로 case완료 금지,UX1.6;UX1.7;PR1;WA2
S04,READY,APPLIES,이 화면의 현재 필수 source/policy/owner 상태 충족,최신 narrative·각 issue·허용 근거·원액/현재정정상태·다음 필요업무,DRAFT_SAVE;RESPOND_CASE;HANDOVER_PLAN;OPEN_HISTORY,현재 허용된 선택/서버 ACK 입력; target binding 불변,화면 heading 또는 현재 작업 input; 자동focus이동 없음,response/domaineffect receipt; 재배정만으로 case완료 금지,UX1.6;UX1.7;PR1;WA2
S04,INCOMPLETE,APPLIES,authorized context이나 이 action 필수 입력/증거 미충족,미답변 issue/필수 hiddenevidence/미공개정정본; 완료차단,RECOVERY_ROUTE;REFRESH,현재 허용된 선택/서버 ACK 입력; target binding 불변,첫 허용 blocking input/task; error summary 연결,response/domaineffect receipt; 재배정만으로 case완료 금지,UX1.6;UX1.7;PR1;WA2
S04,PARTIAL,APPLIES,서로 독립된 허용 subset 또는 알려진 dependency 일부 실패,볼수있는 근거만; 전체필수 issue불가하면 적격handler,REFRESH;RECOVERY_ROUTE,현재 허용된 선택/서버 ACK 입력; target binding 불변,허용 부분 범위 heading; 필요 row action,response/domaineffect receipt; 재배정만으로 case완료 금지,UX1.6;UX1.7;PR1;WA2
S04,STALE,APPLIES,저장 preview/선택/입력/actorcontext의 의존 version 바뀜,새request evidence/assignment epoch; oldresponse 실행금지,REFRESH;RECOVERY_ROUTE,현재 허용된 선택/서버 ACK 입력; target binding 불변,허용 change summary; 이후 첫 영향 input,response/domaineffect receipt; 재배정만으로 case완료 금지,UX1.6;UX1.7;PR1;WA2
S04,FAILED,APPLIES,서버 read 실패 또는 owner가 확정한 no-effect failure; 둘을 구분,급여 문의·정정 처리의 허용 실패 이유·last acknowledged state; 실패는 성공/empty 아님,REFRESH;RECOVERY_ROUTE,현재 허용된 선택/서버 ACK 입력; target binding 불변,persistent error summary; 허용 repair,response/domaineffect receipt; 재배정만으로 case완료 금지,UX1.6;UX1.7;PR1;WA2
S04,UNKNOWN,APPLIES,해당 mutation이 실행됐을 수 있으나 commit/receipt 응답 미확정,처리 결과 확인중; response/domaineffect receipt; 재배정만으로 case완료 금지,RESULT_RECONCILE;RECOVERY_ROUTE,현재 허용된 선택/서버 ACK 입력; target binding 불변,persistent aria-live status; 새명령실행 없음,response/domaineffect receipt; 재배정만으로 case완료 금지,UX1.6;UX1.7;PR1;WA2
S04,SUCCESS,APPLIES,"Mutation receipt confirmed, then server loads CURRENT owner state and recomputes each next action under command-map.when_offered; this candidate set is not blanket post-success execution authority",exact case response/actual corrected publication +task outcome; capacity release조건; next navigation uses screen-map.success destination and currently authorized object link; 실행한 이전 command 반복 버튼 아님; 현재 새 상태의 다음 행동만,REFRESH;DRAFT_SAVE;RESPOND_CASE;HANDOVER_PLAN;OPEN_HISTORY,현재 허용된 선택/서버 ACK 입력; target binding 불변,receipt/result heading 또는 명시 next surface,response/domaineffect receipt; 재배정만으로 case완료 금지,UX1.6;UX1.7;PR1;WA2
S05,LOADING,APPLIES,현재 context의 authorized DTO 조회중,현재 실제담당·허용 후보·saved work·권한내 영향/예외·plan상태의 skeleton; 이전 Company 민감값 없음,NONE,현재 허용된 선택/서버 ACK 입력; target binding 불변,상태 heading; background 갱신은 focus 유지,Company plan/task receipt; stop fence후 새effect불가,UX1.6;UX1.5;WA1;WA2
S05,EMPTY,APPLIES,조회 성공 + 해당 collection/context가 authorized empty,선택 task없음: 허용 실제 task선택; fraction sharing 없음,RECOVERY_ROUTE;REFRESH,현재 허용된 선택/서버 ACK 입력; target binding 불변,빈 상태 제목 후 허용 진입 action,Company plan/task receipt; stop fence후 새effect불가,UX1.6;UX1.5;WA1;WA2
S05,DENIED,APPLIES,"Current authentication or whole object/page disclosure denied. Optional-field denial => authorized PARTIAL projection; action-only denial => omit/disable only that action, not whole page.",존재 공개 불가면 uniform unavailable; 민감 HTML/props/cache 제거,RECOVERY_ROUTE,서버 protected draft/history만 보존; revoked local sensitive input 제거,비공개/인증 안내 heading,Company plan/task receipt; stop fence후 새effect불가,UX1.6;UX1.5;WA1;WA2
S05,READY,APPLIES,이 화면의 현재 필수 source/policy/owner 상태 충족,현재 실제담당·허용 후보·saved work·권한내 영향/예외·plan상태,DRAFT_SAVE;HANDOVER_PLAN;STOP_HANDOVER,현재 허용된 선택/서버 ACK 입력; target binding 불변,화면 heading 또는 현재 작업 input; 자동focus이동 없음,Company plan/task receipt; stop fence후 새effect불가,UX1.6;UX1.5;WA1;WA2
S05,INCOMPLETE,APPLIES,authorized context이나 이 action 필수 입력/증거 미충족,부적격/과부하/unknown/Group stop필요: 같은 WA1복구경로,RECOVERY_ROUTE;REFRESH,현재 허용된 선택/서버 ACK 입력; target binding 불변,첫 허용 blocking input/task; error summary 연결,Company plan/task receipt; stop fence후 새effect불가,UX1.6;UX1.5;WA1;WA2
S05,PARTIAL,APPLIES,서로 독립된 허용 subset 또는 알려진 dependency 일부 실패; each offered action must satisfy command-map.when_offered on exact visible/independent unit; no incomplete whole-scope effect,Company별 actual plan결과; hidden workload/대상개수 없음,HANDOVER_PLAN;STOP_HANDOVER;REFRESH;RECOVERY_ROUTE,현재 허용된 선택/서버 ACK 입력; target binding 불변,허용 부분 범위 heading; 필요 row action,Company plan/task receipt; stop fence후 새effect불가,UX1.6;UX1.5;WA1;WA2
S05,STALE,APPLIES,저장 preview/선택/입력/actorcontext의 의존 version 바뀜,task/plan/policy/capacity 변화; activeplan은stop후 successor,REFRESH;RECOVERY_ROUTE,현재 허용된 선택/서버 ACK 입력; target binding 불변,허용 change summary; 이후 첫 영향 input,Company plan/task receipt; stop fence후 새effect불가,UX1.6;UX1.5;WA1;WA2
S05,FAILED,APPLIES,서버 read 실패 또는 owner가 확정한 no-effect failure; 둘을 구분,업무 인계 요청·지시의 허용 실패 이유·last acknowledged state; 실패는 성공/empty 아님,REFRESH;RECOVERY_ROUTE,현재 허용된 선택/서버 ACK 입력; target binding 불변,persistent error summary; 허용 repair,Company plan/task receipt; stop fence후 새effect불가,UX1.6;UX1.5;WA1;WA2
S05,UNKNOWN,APPLIES,해당 mutation이 실행됐을 수 있으나 commit/receipt 응답 미확정,처리 결과 확인중; Company plan/task receipt; stop fence후 새effect불가,RESULT_RECONCILE;RECOVERY_ROUTE;STOP_HANDOVER,현재 허용된 선택/서버 ACK 입력; target binding 불변,persistent aria-live status; 새명령실행 없음,Company plan/task receipt; stop fence후 새effect불가,UX1.6;UX1.5;WA1;WA2
S05,SUCCESS,APPLIES,"Mutation receipt confirmed, then server loads CURRENT owner state and recomputes each next action under command-map.when_offered; this candidate set is not blanket post-success execution authority",요청대기/실제 task별 transfer receipt 구분; completed transfer보존; next navigation uses screen-map.success destination and currently authorized object link; 실행한 이전 command 반복 버튼 아님; 현재 새 상태의 다음 행동만,REFRESH;DRAFT_SAVE;HANDOVER_PLAN;STOP_HANDOVER,현재 허용된 선택/서버 ACK 입력; target binding 불변,receipt/result heading 또는 명시 next surface,Company plan/task receipt; stop fence후 새effect불가,UX1.6;UX1.5;WA1;WA2
S06,LOADING,APPLIES,현재 context의 authorized DTO 조회중,허용 과거값/현재차이·schema·보존/이용가능상태; 원 입력 보존의 skeleton; 이전 Company 민감값 없음,NONE,현재 허용된 선택/서버 ACK 입력; target binding 불변,상태 heading; background 갱신은 focus 유지,restore command/save receipt; 새버전 중복append 방지,UX1.6;UX1.5;FD1
S06,EMPTY,APPLIES,조회 성공 + 해당 collection/context가 authorized empty,허용 이력없음/knownexpired: current form복귀; hidden버전수없음,RECOVERY_ROUTE;REFRESH,현재 허용된 선택/서버 ACK 입력; target binding 불변,빈 상태 제목 후 허용 진입 action,restore command/save receipt; 새버전 중복append 방지,UX1.6;UX1.5;FD1
S06,DENIED,APPLIES,"Current authentication or whole object/page disclosure denied. Optional-field denial => authorized PARTIAL projection; action-only denial => omit/disable only that action, not whole page.",존재 공개 불가면 uniform unavailable; 민감 HTML/props/cache 제거,RECOVERY_ROUTE,서버 protected draft/history만 보존; revoked local sensitive input 제거,비공개/인증 안내 heading,restore command/save receipt; 새버전 중복append 방지,UX1.6;UX1.5;FD1
S06,READY,APPLIES,이 화면의 현재 필수 source/policy/owner 상태 충족,허용 과거값/현재차이·schema·보존/이용가능상태; 원 입력 보존,DRAFT_RESTORE;REFRESH,현재 허용된 선택/서버 ACK 입력; target binding 불변,화면 heading 또는 현재 작업 input; 자동focus이동 없음,restore command/save receipt; 새버전 중복append 방지,UX1.6;UX1.5;FD1
S06,INCOMPLETE,APPLIES,authorized context이나 이 action 필수 입력/증거 미충족,schema/retention/integrity불가: 복원차단·owner복구,RECOVERY_ROUTE;REFRESH,현재 허용된 선택/서버 ACK 입력; target binding 불변,첫 허용 blocking input/task; error summary 연결,restore command/save receipt; 새버전 중복append 방지,UX1.6;UX1.5;FD1
S06,PARTIAL,APPLIES,서로 독립된 허용 subset 또는 알려진 dependency 일부 실패,개별 pinned 권한은 whole timeline권한아님; denied old값보존,REFRESH;RECOVERY_ROUTE,현재 허용된 선택/서버 ACK 입력; target binding 불변,허용 부분 범위 heading; 필요 row action,restore command/save receipt; 새버전 중복append 방지,UX1.6;UX1.5;FD1
S06,STALE,APPLIES,저장 preview/선택/입력/actorcontext의 의존 version 바뀜,현재draft/epoch변경: restore preview재검토,REFRESH;RECOVERY_ROUTE,현재 허용된 선택/서버 ACK 입력; target binding 불변,허용 change summary; 이후 첫 영향 input,restore command/save receipt; 새버전 중복append 방지,UX1.6;UX1.5;FD1
S06,FAILED,APPLIES,서버 read 실패 또는 owner가 확정한 no-effect failure; 둘을 구분,초안 이력·선택 복원의 허용 실패 이유·last acknowledged state; 실패는 성공/empty 아님,REFRESH;RECOVERY_ROUTE,현재 허용된 선택/서버 ACK 입력; target binding 불변,persistent error summary; 허용 repair,restore command/save receipt; 새버전 중복append 방지,UX1.6;UX1.5;FD1
S06,UNKNOWN,APPLIES,해당 mutation이 실행됐을 수 있으나 commit/receipt 응답 미확정,처리 결과 확인중; restore command/save receipt; 새버전 중복append 방지,RESULT_RECONCILE;RECOVERY_ROUTE,현재 허용된 선택/서버 ACK 입력; target binding 불변,persistent aria-live status; 새명령실행 없음,restore command/save receipt; 새버전 중복append 방지,UX1.6;UX1.5;FD1
S06,SUCCESS,APPLIES,"Mutation receipt confirmed, then server loads CURRENT owner state and recomputes each next action under command-map.when_offered; this candidate set is not blanket post-success execution authority",새 draft revision 저장; origin form으로 복귀; 업무 실행없음; next navigation uses screen-map.success destination and currently authorized object link; 실행한 이전 command 반복 버튼 아님; 현재 새 상태의 다음 행동만,REFRESH;DRAFT_RESTORE,현재 허용된 선택/서버 ACK 입력; target binding 불변,receipt/result heading 또는 명시 next surface,restore command/save receipt; 새버전 중복append 방지,UX1.6;UX1.5;FD1
